,,,,,,
,Line ID,Script,Length,,,
,1,"Shuklam Baradaram Vishnum, Sasi Varnam Chatur Bhujam,",53,,,
,2,"Prasanna Vadanan Dyayet, Sarva Vignoba Sandaye",46,,,
,3,"Vyasam Vasishtanaptharam, Sakthe Poutramakalmasham,",51,,,
,4,"Parasarathma- jam vande, Shukathatham Taponidhim.",49,,,
,5,"Vyasa Vishnu Roopaya, Vyasa Roopaya Vishnave,",45,,,
,6,"Namo Vai Brahma Vidaya, Vasishtaya Namo Nama.",45,,,
,7,"Avikaraya Shuddhaya, Nityaya Paramatmane,",41,,,
,8,"Sadaika Roopa Roopaya, Vishnave Sarva Jishnave.",47,,,
,9,"Yasya Smarana Mathrena, Janma Samsara Bandhanath.",49,,,
,10,"Vimuchayate Nama Tasmai, Vishnave Prabha Vishnave",49,,,
,11,OM Namo Vishnave Prabha Vishnave,32,,,
,12,Shri Vaisampayana Uvacha,24,,,
,13,"Shrutva Dharmaneshena, Pavanani Cha Sarvasha,",45,,,
,14,Yudishtra Santhanavam Puneravabhya Bhashata,43,,,
,15,Yudishtra Uvacha,16,,,
,16,"Kimekam Daivatham Loke, Kim Vapyegam Parayanam,",47,,,
,17,"Sthuvantha Kam Kamarchanda Prapnyur Manava Shubham,",51,,,
,18,Ko Dharma sarva Dharmanam Paramo Matha,38,,,
,19,Kim Japanmuchyathe Jandur Janma Samsara Bhandanat,49,,,
,20,Sri Bheeshma Uvacha,19,,,
,21,"Jagat Prabhum Devadevam Anantham Purushottamam,",47,,,
,22,"Stuvan Nama Sahasrena, Purusha Sathathothida,",45,,,
,23,"Tameva Charchayan Nityam, Bhaktya Purushamavyayam,",50,,,
,24,"Dhyayan Sthuvan Namasyancha Yajamanasthameva Cha,",49,,,
,25,Anadi Nidhanam Vishnum Sarva Loka Maheswaram,44,,,
,26,"Lokadyaksham Stuvannityam Sarva Dukkhago Bhaved,",48,,,
,27,"Brahmanyam Sarva Dharmagnam Lokanam Keerthi Vardhanam,",54,,,
,28,Lokanatham Mahadbhootham Sarva Bhootha Bhavodbhavam,51,,,
,29,"Aeshame Sarva Dharmanam Dharmadhika Tamo Matha,",47,,,
,30,"Yad Bhaktyo Pundarikaksham Stuvyr-Archanayr-Nara Sada,",54,,,
,31,"Paramam Yo Mahatteja, Paramam Yo Mahattapa",42,,,
,32,Paramam Yo Mahad Brahma Paramam Ya Parayanam,44,,,
,33,"Pavithranam Pavithram Yo Mangalanam Cha Mangalam,",49,,,
,34,Dhaivatham Devathanam Cha Bhootanam Yo Vya Pitha,48,,,
,35,Yatha Sarvani Bhoothani Bhavandyathi Yugagame,45,,,
,36,Yasmincha Pralayam Yanthi Punareve Yuga Kshaye,46,,,
,37,Tasya Loka Pradhanasya Jagannatathasya Bhoopathe,48,,,
,38,Vishno Nama Sahasram Me Srunu Papa Bhayapaham,45,,,
,39,Yani Namani Gounani Vikhyatani Mahatmanah,41,,,
,40,Rishibhih Parigeetani Tani Vakshyami Bhootaye,45,,,
,41,Rishir Namnam Sahsrasya Veda Vyaso Maha Munih,45,,,
,42,Chando Aunustup Stada Devo Bhagawan Devaki Sutha,48,,,
,43,Amruthamsu Bhavo Bhhejam Shakthir Devaki Nandana,48,,,
,44,Trisama Hridayam Tasya Santhyarthe Viniyujyade,46,,,
,45,Vishnum Jishnum Mahavishnum Prabha Vishnun Maheswaram,53,,,
,46,Aneka Roopa Daityantham Namami Purushottamam,44,,,
,47,Sri Vishnu Sahasranama Stotra,29,,,
,48,Asya Shriivishhnor-Divyasahasranaam- a Stotra Mahaa Mantrasya,61,,,
,49,Shri Vedavyaaso Bhagavaan Rishhih,33,,,
,50,Anushhtuph Chhandah,19,,,
,51,Shri Mahaavishnuh Paramaatmaa Shriimannaaraayano Devataa,56,,,
,52,Amritaam Shuudbhavo Bhaanuriti Bieejam,38,,,
,53,Devakee Nandanah Srashteti Shaktih,34,,,
,54,Udbhavah Kshobhano Deva Iti Paramo Mantrah,42,,,
,55,Shankha-Bhrinnandakii Chakriiti Keelakam,40,,,
,56,Shaarngadhanvaa Gadaadhara Ityastram,36,,,
,57,Rathaangapaani Rakshobhya Iti Netram,36,,,
,58,Trisaamaa Saamagah Saameti Kavacham,35,,,
,59,Aanandam Parabrahmeti Yonih,27,,,
,60,Rituh Sudarshanah Kaala Iti Digbandhah,38,,,
,61,Shri Vishvaruupa Iti Dhyaanam,29,,,
,62,Shri Mahaavishhnu Priityartham Sahasranaama Jape Viniyogah,58,,,
,63,Dhyanam,7,,,
,64,Ksheerodanvath- Pradese Suchimani Vilasad Saikathe Maukthikanam,63,,,
,65,Malaklupthasanasth- a Spatikamani Nibhai Maukthiker Mandithangah,64,,,
,66,Shubrai-Rabrai-Rat- habrai Ruparivirachitai Muktha Peeyusha Varshai,67,,,
,67,Anandi Na Puniyadari Nalina Gadha Sankapanir Mukundaha,54,,,
,68,Bhoo Padau Yasya Nabhi R Viyadasu Ranila Schandra Suryaau Cha Nether,68,,,
,69,Karnavasasiro Dhaumugamabhi Dhahano Yasya Vasteyamabhdhi,56,,,
,70,"Anthastham Yasya Viswam Sura Nara Khaga Go Bhogi Gandharva Dhaityai,",68,,,
,71,Chitram Ram Ramyathe Tham Thribhuvana Vapusham Vishnumeesam Namami,66,,,
,72,Om Namo Bhagavate Vasudevaya,28,,,
,73,"Santhakaram Bujaga Sayanam Padmanabham Suresam,",47,,,
,74,Viswadharam Gagana sadrusam Megha Varnam Shubangam,50,,,
,75,Lakshmi Kantham Kamala Nayanam Yogi Hrid Dyana Gamyam,53,,,
,76,Vande Vishnum Bava Bhayaharam Sarva Lokaika Nadham,50,,,
,77,Megha Syamam Peetha Kouseya Vasam Srivatsangam Kausthuboth Bhasithangam,71,,,
,78,Punyopetham Pundareekayathaksham Vishnum Vande Sarva Lokaika Natham,67,,,
,79,Namah Samasta Bhutanam-Adi-Bhutaya Bhubrite,43,,,
,80,Aneka-Ruparupaya Vishnave Prabha-Vishnave,41,,,
,81,"Sasanga Chakram Sakerita Kundalam Sappeethavastram Saraseruhekshanam,",69,,,
,82,Sahara Vaksha Sthala Shobhi Kousthubham Namai Vishnum Sirasa Chaturbhujam,73,,,
,83,"Chayayam Parijatasys Hemasimhasanopari,",39,,,
,84,"Aseenamam Budha Syama Mayathakashamalangrutham,",47,,,
,85,"Chand- ranana Chathurbahum Sreevatsangitha Vakshasam,",53,,,
,86,Rukmani Satyabhamabhyam Sahitham Krishnamasraye.,48,,,
,87,Vishnu Sahasranamam Stotra Lyrics,33,,,
,88,Om Vishvam Vishnur-Vashatkaro Bhuta-Bhavya-Bhavat-Prabhuh,57,,,
,89,Bhu- takrud Bhutabhrud Bhavo Bhutatma Bhuta-Bhavanah,52,,,
,90,Putatma Paramatma Cha Muktanam Parama Gatih,43,,,
,91,Avyayah Purusha Sakshi Kshetrajno-Kshara Eva Cha,48,,,
,92,Yogo Yogavidam Neta Pradhana-Purushesvarah,42,,,
,93,Narasimh- a-Vapu Shriman Kesavah Purushottamah,46,,,
,94,Sarvah Sarvah Sivah Sthanur-Bhutadir-Nidhir-Avyaya- h,53,,,
,95,Sambhavo Bhavano Bharta Prabhavah Prabhur-Isvarah,49,,,
,96,Svayambhuh Sambhur-Adityah Pushkaraksho Mahasvanah,50,,,
,97,Anandi-Nidhano Dhata Vidhata Dhaturuttamah,42,,,
,98,Aprameyo Hrishikesah Padma-Nabho-Mara-Prabhuh,45,,,
,99,Visvak- arma Manustvashta Sthavishtah Sthaviro-Dhruvah,54,,,
,100,Agrahyah Sasvatah Krishno Lohitakshah Pratardanah,49,,,
,101,Prabhutas-Trikakubd- hama Pavitram Mangalam Param,49,,,
,102,Isanah Pranadah Prano Jyeshthah Sreshthah Prajapatih,52,,,
,103,Hiranyagarbho Bhugarbho Madhavo Madhusudanah,44,,,
,104,Ishvaro Vikrami Dhanvi Medhavi Vikramah Kramah,46,,,
,105,Anuttamo Duradharsah Krutajnah Krutiratmavan,44,,,
,106,Suresah Sharanam Sharma Vishvaretah Prajabhavah,47,,,
,107,Ahah Samvasaro Vyalah Pratyayah Sarvadarshanah,46,,,
,108,Ajah Sarveshvarah Siddhah Siddhih Sarvadir Acyutah,50,,,
,109,Vrushakapir Ameyatma Sarva-Yoga-Vinihshrutah,44,,,
,110,Vasur Vasumanah Satyah Samatma Sammitah Samah,45,,,
,111,Amoghah Pundarikaksho Vrusha-Karma Vrushakrutih,47,,,
,112,Rudro Bahushira Babhrur Vishva-Yonih Shuchi Sravah,50,,,
,113,Amrutah Shashvata-Sthanur Vararoho Maha-Tapah,45,,,
,114,Sarvagah Sarva-Vid-Bhanur Vishvaksheno Janardanah,49,,,
,115,Vedo Vedavid Avyango Vedango Vedavit Kavih,42,,,
,116,Lokadhyakshah Suradhyaksho Dharmadhyakshah Krutakrutah,54,,,
,117,Chaturatma Chaturvyuhas Chaturdamstras Chatur-Bhujah,52,,,
,118,Bhrajishnur-Bhoja- nam Bhokta Sahishnur Jagad-Adhijah,53,,,
,119,Anagho Vijayo Jeta Vishva-Yonih Punar-Vasuh,43,,,
,120,Upendro Vamanah Pramshur Amoghah Suchir Urjitah,47,,,
,121,Atindrah Samgrahah Sargo Dhrutatma Niyamo Yamah,47,,,
,122,Vedyo Vaidyah Sada-Yogi Viraha Madhavo Madhuh,45,,,
,123,Atindriyo Mahamayo Mahotsaho Mahabalah,38,,,
,124,Mahabuddir Mahaviryo Mahasaktir Mahadyutih,42,,,
,125,Anirdesyavapuh Shriman Ameyatma Mahadridhruk,44,,,
,126,Maheshvaso Mahibharta Shrinivasah Satam Gatih,45,,,
,127,Aniruddhah Suranando Govindo Govidam Patih,42,,,
,128,Marichir-Damano Hamsah Suparno Bhujagottamah,44,,,
,129,Hiranya-Nabha Sutapah Padmanabhah Prajapatih,44,,,
,130,Amrutyuh Sarva-Druk Simhah Sandhata Sandhiman Sthirah,53,,,
,131,Ajo Durmarshanah Shasta Vishrutatma Surariha,44,,,
,132,Gurur Gurutamo Dhama Satyah Satya-Parakramah,44,,,
,133,Nimisho Animishah Sragvi Vachaspatir Udaradhih,46,,,
,134,Agranir Gramanih Shriman Nyayo Neta Samiranah,45,,,
,135,Sahsra-Murdha Vishvatma Sahasraksha Sahasrapat,46,,,
,136,Avrtano Nivrutatma Samvrutah Sampramardanah,43,,,
,137,Ahah Samvartako Vahnir Anilo Dharani-Dharah,43,,,
,138,Suprasadah Prasannatma Vishva-Dhrug Vishva-Bhug Vibhuh,54,,,
,139,Sat-Karta Sat-Krutah Sadhur Jahnur Narayano Narah,49,,,
,140,Asankhyeyo Prameyatma Visistah Shishtakruch Chucih,50,,,
,141,Siddharthah Siddha-Sankalpah Siddhidah Siddhisadhanah,53,,,
,142,Vrushahi Vrushabho Vishnur Vrushaparva Vrushodarah,50,,,
,143,Vardhano Vardhamanascha Viviktah Shruti-Sagarah,47,,,
,144,Subhujo Durdharo Vagmi Mahendro Vasodo Vasuh,44,,,
,145,Naikarupo Bruhad-Rupah Shipivishtah Prakashana,46,,,
,146,Ojas Tejo Dyuti-Dharah Prakashatma Pratapanah,45,,,
,147,Vruddhah Spahstaksharo Mantras Chandramshur Bhaskaradyutih,58,,,
,148,Amrtamshu Dbhavo Bhanuh Shashabinduh Sureshvarah,48,,,
,149,Aushadham Jagatah Setuh Satya-Dharma-Prarakramah,48,,,
,150,Bhuta-- Bhavya-Bhavan-Nathah Pavanah Pavano Analah,50,,,
,151,Kamaha Kamakrut Kantah Kamah Kamapradah Prabhuh,47,,,
,152,Yugadikrud Yugavarto Naikamayo Mahashanah,41,,,
,153,Adrushyo Vyakta-Rupascha Sahasrajid Anantajit,45,,,
,154,Ishtovishistah Shishtestah Sikhandi Nahusho Vrushah,51,,,
,155,Krodhaha Krodhakrut Karta Vishva-Bahur Mahidharah,49,,,
,156,Achyutah Prathitah Pranah Pranado Vasavanujah,45,,,
,157,Apam-Nidhir Adhishthanam Apramattah Pratishtitah,48,,,
,158,Skandah Skanda-Dharo Dhuryo Varado Vayuvahanah,46,,,
,159,Vashudevo Bruhad-Bhanur Adidevah Purandarah,43,,,
,160,Ashokas-Taranas-Tara- h Surah Saurir Janeshvarah,48,,,
,161,Anukulah Shatavartah Padmi Padma-Nibhekshanah,45,,,
,162,Padmanabho Aravindakshah Padmagarbhah Sarirabhrut,49,,,
,163,Mahardhir Ruddho Vruddhatma Mahaksho Garuda-Dhvajah,51,,,
,164,Atulah Sarabho Bhimah Samayagno Havirharih,42,,,
,165,Sarvalakshana Lakshanyo Lakshmivan Samitinjayah,47,,,
,166,Viksharo Rohito Margo Hetur-Damodarah Sahah,43,,,
,167,Mahidharo Mahabhago Vegavan Amitashanah,39,,,
,168,Udbhavah Kshobhano Devan Shrigarbhah Parameshvarah,50,,,
,169,Karanam Kaaranam Karta Vikarta Gahano Guhah,43,,,
,170,Vyavasayo Vyavasthanah Samsthanah Sthanado Dhruvah,50,,,
,171,Parardhih Parama-Spashtas Tushtah Pushtah Subhekshanah,54,,,
,172,Ramo Viramo Virato Margo Neyo Nayonayah,39,,,
,173,Virah Shaktimatam Shreshtho Dharmo Dharma-Vid Uttamah,53,,,
,174,Vaikunthah Purushah Pranah Pranadah Pranavah Pruthuh,52,,,
,175,Hiranya-Garbhah Shatrughno Vyapto Vayur Adhokshajah,51,,,
,176,Rituh Sudarshanah Kalah Parameshti Parigrahah,45,,,
,177,Ugrah Samvatsaro Daksho Vishramo Vishva-Dakshinah,49,,,
,178,Vistarah Sthavara-Sthanuh Pramanam Bijam Avyayam,48,,,
,179,Arthonartho Mahakosho Mahabhogo Mahadhanah,42,,,
,180,Anirvinnah Sthavishthobhur Dharma-Yupo Maha-Makhah,50,,,
,181,Nakshatra-Nemir Nakshatri Kshamah Kshamah Samihanah,51,,,
,182,Yajna Ijyo Mahejyas Cha Kratuh Satram Satamgatih,48,,,
,183,Sarvadarshi Vimuktatma Sarvagyo Gynanam-Uttamam,47,,,
,184,Suvratah Sumukhah Sukshmah Sughoshah Sukhadah Suhrut,52,,,
,185,Manoharo Jita-Krodho Virabahur Vidaranah,40,,,
,186,Svapanah svavasho Vyapi Naikatma Naika-Karma-Krut,49,,,
,187,Vatsaro Vatsalo Vatsi Ratna-Garbho Dhaneshvarah,47,,,
,188,Dharmagub Dharmakrud Dharmi Sad-Asatksharam Aksharam,52,,,
,189,Avigyata Sahashramsur Vidhata Kruta-Lakshanah,45,,,
,190,Gabhasti-Nemih Sattvasthah Simho Bhuta-Maheshvarah,50,,,
,191,Adidevo Mahadevo Devesho Devabhrud-Guruh,40,,,
,192,Uttaro Gopatir Gopta Gyanagamyah Puratanah,42,,,
,193,Sharira-Bhuta-Bhrud Bhokta Kapindro Bhuridakshinah,50,,,
,194,Somapo Amrutapah Somah Purujit Purushottamah,44,,,
,195,Vinayo Jayah Satyasandho Dasharhah Satvatampatih,48,,,
,196,Jivo Vinayita-Sakshi Mukundo Amita Vikramah,43,,,
,197,Ambhonidhir Anantatma Mahodadhishayonatakah,43,,,
,198,Ajo Maharhah Svabhavyo Jitamitrah Pramodanah,44,,,
,199,Anando Nandano Nandah Satya-Dharma Trivikramah,46,,,
,200,Maharshih Kapilacharyah Krutagyo Medini-Patih,45,,,
,201,Tripadas Tridashadhyaksho Mahashrungah Krutantakrut,51,,,
,202,Mahavaraho Goivindah Sushenah Kanakangadi,41,,,
,203,Guhyo Gabhiro Gahano Guptas Chakra-Gadadharah,45,,,
,204,Vedhah Svango Ajitah Krishno Drudhah Sankarshano Acyutah,56,,,
,205,Varuno Vaaruno Vrukshah Pushkaraksho Mahamanah,46,,,
,206,Bhagavan Bhagahanandi Vanamali Halayudhah,41,,,
,207,Adityo Jyotir-Adityah Sahishnur Gatisattamah,44,,,
,208,Sudhanva-Khandapar- ashur-Daruno Dravinapradah,46,,,
,209,Divah-Spruk Sarva-Drug Vyaso Vachaspatir Ayonijah,49,,,
,210,Trisama Samagah Sama Nirvanam Bheshajam Bhishak,47,,,
,211,Sanyasakrut Chamah Santo Nishtha Shantih Parayanam,50,,,
,212,Shubhangah Shantidah Srashta Kumudah Kuvalesayah,48,,,
,213,Gohito Gopatir Gopta Vrushabhaksho Vrushapriyah,47,,,
,214,Anivarti Nivrutatma Samkshepta Kshema-Kruchivah,47,,,
,215,Shrivasta-Vaks- hah Shrivasah Shripatih Shrimatam-Varah,55,,,
,216,Shridah Shrishah Shrinivasah Shrinidhih Shri-Vibhavanah,55,,,
,217,Shridharah Shrikarah Shreyah Shriman Loka-Trayashrayah,54,,,
,218,Svakshah Svangah Shatanando Nandir Jyotir-Ganeshvarah,53,,,
,219,Vijitatma Vidheyatma Satkirtischinna-Samsayah,45,,,
,220,Udirna- h Sarvata-Chakshur-Anisah Sasvata-Sthirah,49,,,
,221,Bhushayo Bhushano Bhutir Vishokah Shoka-Nashanah,48,,,
,222,Archishman Architah Kumbho Vishuddhatma Vishodhanah,51,,,
,223,Aniruddho Pratirathah Pradyumno Amita-Vikramah,46,,,
,224,Kalaneminiha Virah Saurih Sura-Janeshvarah,42,,,
,225,Trilokatma Trilokeshah Keshavah Keshiha Harih,45,,,
,226,Kamadevah Kamapalah Kami Kantah Krutagamah,42,,,
,227,Anirdeshya-Vapur Vishnur Viro Ananto Dhananjayah,48,,,
,228,Brahmanyo Brahmakrud-Brahma Brahma Brahma-Vivardhanah,53,,,
,229,Brahmavid Brahmano Brahmi Brahmgno Brahmana-Priyah,50,,,
,230,Mahakramo Mahakarma Mahateja Mahoragah,38,,,
,231,Mahakratur Mahayajva Mahayagyo Mahahavih,40,,,
,232,Stavyah Stavapriyah Stotram Stutih Stota Ranapriyah,51,,,
,233,Purnah Purayita Punyah Punyakirtir Anamayah,43,,,
,234,Manojavas Tirthakaro Vasureta Vasupradah,40,,,
,235,Vasuprado Vasudevo Vasur Vasumana Havih,39,,,
,236,Sadgatih Sat-Krutih Satta Sad-Bhutih Sat-Parayanah,50,,,
,237,Suraseno Yadushreshthah Sannivasah Suyamunah,44,,,
,238,Bhutavaso Vasudevah Sarvasu-Nilayo Analah,41,,,
,239,Darpaha Darpado Drupto Durdharo-Atha-Parajitah,46,,,
,240,Vishvam- urtir Mahamurtir Diptamurtir Amurtiman,47,,,
,241,Anekamurtir Avyaktah Shatamurtih Shatananah,43,,,
,242,Eko Naikah Savah Kah Kim Yat Tat Padam-Anuttamam,48,,,
,243,Lokabandhur Lokanatho Madhavo Bhakta-Vastalah,45,,,
,244,Suvarna Varno Hemango Varangas Chandanangadi,44,,,
,245,Viraha Vishamah Sunyo Ghrutasir Achalaschalah,45,,,
,246,Amani Manado Manyo Lokasvami Triloka-Dhruk,42,,,
,247,Sumedha Medhajo Dhanyah Satyamedha Dharadharah,46,,,
,248,Tejovrusho Dyuti-Dharah Sarva-Shastra-Bhrutam-Varah,51,,,
,249,Pra- grahonigraho Vyagro Naikashrungo Gadagrajah,48,,,
,250,Chaturmurtis Chaturbahus Chaturvyuhas Chaturgatih,49,,,
,251,Chaturatma Chaturbhavas Chaturvedavid Ekapat,44,,,
,252,Samavarto Anivrutatma Durjayo Duratikramah,42,,,
,253,Durlabho Durgamo Durgo Duravaso Durariha,40,,,
,254,Shubhango Lokasarangah Sutantus Tantu-Vardhanah,47,,,
,255,Indrakarma Mahakarma Krutakarma Krutagamah,42,,,
,256,Udbhavah Sundarah Sundo Ratnanabhah Sulochanah,46,,,
,257,Arko Vajasanah Shrungi Jayantah Sarva-Vij-Jayi,46,,,
,258,Suvarna-Bindur-A- kshobhyah Sarva-Vagishvareshvarah,51,,,
,259,Mahahra- do Maha-Garto Maha-Bhuto Maha-Nidhih,45,,,
,260,Kumudah Kundarah Kundah Parjanyah Pavano Anilah,47,,,
,261,Amrutasho Amrutavapuh Sarvagyah Sarvato-Mukha,45,,,
,262,Sulabhah Suvratah Siddhah Shatru-Jit Shatru-Tapanah,51,,,
,263,Nyagrodho Adumbaro-Svatthas Chanurandhra-Nishudhanah,52,,,
,264,Sahasr- archi Sapta-Jihvah Saptaidhah Sapta-Vahanah,51,,,
,265,Amurtir Anagho Achintyo Bhayakrud Bhaya-Nashanah,48,,,
,266,Anur Bruhat Krusah Sthulo Gunabrun Nirguno Mahan,48,,,
,267,Adhrutah Svadhrutah Svasyah Pragvamsho Vamshavardhanah,54,,,
,268,Bhara-Bhrut Kathito Yogi Yogishah Sarva-Kamadah,47,,,
,269,Ashramah Shramanah Kshamah Suparno Vayu-Vahanah,47,,,
,270,Dhanurdharo Dhanurvedo Dando Damayita Damah,43,,,
,271,Aparajitah Sarvasaho Niyanta Niyamo Yamah,41,,,
,272,Satvavan Satvikah Satyah Satya-Dharma-Parayanah,47,,,
,273,Abhipray- ah Priyarho-Rhah Priyakrut Pritivardhanah,51,,,
,274,Vihayasagatir Jyotih Suruchir Huta-Bhug Vibhuh,46,,,
,275,Ravir Virochanah Suryah Savita Ravilochanah,43,,,
,276,Ananto Huta-Bhug Bhokta Sukhado Naikajo-Grajah,46,,,
,277,Anirvinnah Sadamarshi Lokadhishthana-Madbhutah,46,,,
,278,Sanat Sanatana-Tamah Kapilah Kapir Avyayah,42,,,
,279,Svastidah Svastikrut Svasti Svastibhuk Svasti-Dakshinah,55,,,
,280,Araudrah Kundali Chakri Vikramyurjita-Shasanah,46,,,
,281,Shabdati- gah Shabdasahah Sisirah Sarvari-Karah,47,,,
,282,Akrurah Peshalo Daksho Dakshinah Kshiminam Varah,48,,,
,283,Vidvattamo Vitabhayah Punya-Shravana-Kirtanah,45,,,
,284,Uttaran- o Dushkrutiha Punyo Duh-Svapna-Nasanah,47,,,
,285,Viraha Rakshanah Santo Jivanah Paryavasthitah,45,,,
,286,Ananta-Rupo Ananta-Shri Jitamanyur Bhayapahah,45,,,
,287,Chaturashro Gabhiratma Vidisho Vyadisho Dishah,46,,,
,288,Anadi Bhurbhuvo Lakshmih Suviro Ruchirangadah,45,,,
,289,Janano Janajanmadir Bhimo Bhima-Parakramah,42,,,
,290,Adharanilayo Dhata Pushpahasah Prajagarah,41,,,
,291,Urdhvagah Sat-Pathacharah Pranadah Pranavah Panah,49,,,
,292,Pramanam Prananilayah Pranabhrut Pranajivanah,45,,,
,293,Tatvam Tatvavidekatma Janma-Mrutyu-Jaratigah,44,,,
,294,Bhurbhuv- ah Svastarus-Tarah Savita Prapitamahah,48,,,
,295,Yagyo Yagya-Patir-Yajva Yagyango Yagya-Vahanah,46,,,
,296,Yagyabhrud Yagyakrud Yagyi Yagyabhrug Yagyasadhanah,51,,,
,297,Yagyanantakrud Yagyaguhyam Annam Annada Eva Cha,47,,,
,298,Atmayonih Svayamjato Vaikhanah Samagayanah,42,,,
,299,Devaki-Nandanah Srashtha Kshitishah Papanashanah,48,,,
,300,Shankhabrun -Nandaki Chakri Sharangadhnva Gadadharah,52,,,
,301,Rathanga Panirakshobhyah Sarva-Praharanayudhah,46,,,
,302,Sree Sarva-Praha-Rana-Yudha Om Naman Ithi,41,,,
,303,Vanamali Gadi Sharangi Shankhi Chakri Cha Nandaki,49,,,
,304,Shriman Narayano Vishnur-Vasudevo-Abhirakshatu (repeat these 2 times),69,,,
,305,Iteedam Keerta-Neeyasya Kesha-Vasya Maha-Tmanah |,49,,,
,306,Namnam sahasram divya-nam ashe-shena prakeer-titam,50,,,
,307,Ya Edam Shrunuyat Nityam Yaschhapi Parikeertayet,48,,,
,308,Nashubham-Prapnuy- at-Kinchit So Mutreha-Cha-Manavah,52,,,
,309,Vedan-Tago Bramhana-Syat Kshatriyo Vijayee Bavet,48,,,
,310,Vaisyo Dhana-Samru-Ddhasyat Shhoodra Sukha Mavap-Nuyat,54,,,
,311,Dharmarthee Prapnu-Yatdharmam Artharthee Chartha Mapnuyat,57,,,
,312,Kamana-Vapnuyat-Kamee Prajarthee Chapnu-Yat-Prajam,50,,,
,313,Bhakt-Imanya Sadotthaya Shuchi-Stadgata Manasah,47,,,
,314,Sahasram Vasu-Devasya Namna Metat Prakee-Rtayet,47,,,
,315,Yashah Prapnoti Vipulam Ynati Praadhanya Meva-Cha,49,,,
,316,Achalam shriya mapnothi shreyah prapnotya-nuttamam,50,,,
,317,Na Bhayam Kvachi Dapnoti Veeryam Tejachha Vindati,49,,,
,318,Bhava Tyarogo Dhyu-Timan Bala-Roopa Gunan-Vitah,47,,,
,319,Rogarto Muchyate Rogat Baddho Muchyeta Bandhanat,48,,,
,320,Bhaya Nmuchyeta Bheetastu Muchye Tapanna Apadha,47,,,
,321,Durganya-Titara Tyashu Purushah Purusho-Ttamam,46,,,
,322,Stuva Nnama-Saha-Srena Nityam Bhakti Saman-Vitah,48,,,
,323,Vasu-Deva-Shrayo Marthyo Vasu-Deva Para-Yanah,45,,,
,324,Sarva-Papa Vishu-Ddhatma Yati Bramha Sana-Tanam,47,,,
,325,Na Vasu-Deva Bhakta-Nam Ashubham Vidyate Kvachit,48,,,
,326,Janma Mrithyu Jara Vyadhi Bhayam Naivapa Jayate,47,,,
,327,Emam Stava Madhee-Yanah Shraddha-Bhakti Sama-Nvitah,51,,,
,328,Yujye Tatam Sukha-Kshantih Shree-Dhrati Smruti Keertibhih,57,,,
,329,Na Krodho Na Matsaryam Na Lobho Na Shubha-Matih,47,,,
,330,Bhavanti Kruta Punyanam Bhakta-Nam Puru-Shottame,48,,,
,331,Dhyou Sachan-Drarka Nakshatra Kham Disho Bhoorma-Hodadhih,57,,,
,332,Vasu-Devasya Veeryena Vidhrutani Mahat-Manah,44,,,
,333,Sa-Sura-Sura Gandharvam Sa-Yaksho-Raga Raksha-Sam,49,,,
,334,Jaga-Dvashe Varta-Tedam Krishnasya Sachara-Charam,49,,,
,335,Indri-Yani Mano-Buddhih Satvam Tejo-Balam Dhrutih|,50,,,
,336,Vasu-Devatma Kanyahuh Kshetram-Kshetragyna Eva Cha,50,,,
,337,Sarva-Gamana Macharah Prathamam Pari-Kalpate,44,,,
,338,Aachara Prabhavo Dharmo Dharmasya Pradhu-Rachyutah,50,,,
,339,Rushayah Pitaro Devah Maha-Bhootani Dhatavah |,46,,,
,340,Jangama-Jangamam Chedam Jagannaraya-Nodbhavam,45,,,
,341,Yogo Gynanam Tatha Sankhyam Vidya Shilpadi Karma-Cha,52,,,
,342,Vedah Shasthrani Vigynana Etat-Sarvam Janar-Danat,49,,,
,343,Eko-Vishnu Rmaha-Dbhootam Prutha-Gbhoota Nyanekasah,51,,,
,344,Trilon-Lokan-Vyapya-- Bhootatma Bhujkte Vishva-Bhugavyayah,58,,,
,345,Emam Stavam Bhagavato Vishnor-Vyasena Keertitam,47,,,
,346,Pathedya Echhet Purushah Shreyah Praptum Sukhani-Cha,52,,,
,347,Vishve-Shvara Majam Devam Jagatah Prabhu Mavyam,47,,,
,348,Bhajanti Ye Pushka-Raksham Nate Yanti Para-Bhavam,49,,,
,349,Na Te Yanti Para-Bhavam Om Nama Iti,35,,,
,350,Arjuna Uvacha,13,,,
,351,Padma-Patra Visha-Laksha Padma-Nabha Suro-Ttama,47,,,
,352,Bhaktana Manu-Raktanam Trata Bhava Janar-Dana,45,,,
,353,Shree Bhagavan Uvacha,21,,,
,354,Yo-Mam Nama Saha-Srena Stotu Michhati Pandava,45,,,
,355,Sho Ha Mekena Shlokena Stuta Eva Na Samshayah,45,,,
,356,Stita Eva Na Samshaya Om Nama Iti,33,,,
,357,Vyasa Uvacha,12,,,
,358,Vasa-Naad Vasu Devsaya Vasitham Te Jaga-Thrayam,47,,,
,359,Sarva-Butha Nivaso Si Vaasu-Deva Namo Stute,43,,,
,360,Vasu-Deva Namostute Om Nama Iti,31,,,
,361,Parvati Uyvachv,15,,,
,362,Keno-Paayena Laghunaa Vishnur-Nama Saha-Skrakam,47,,,
,363,Patyate Pamditeh Nityam Shortu Michha Myaham Prabho,51,,,
,364,Eshwara Uvacha,14,,,
,365,Shree-Rama Ram Rameti Rame Raame Mano-Rame,42,,,
,366,Saha-Sranaama Tattulyam Raama-Naama Varaa-Nane,46,,,
,367,(Read the above 2 lines 2 more times),37,,,
,368,Raama-Naama Varaa-Nana Om Nama Iti,34,,,
,369,Bramho Uvacha,13,,,
,370,Namo Stvana-Ntaya Saha-Sramurtaye,33,,,
,371,Saha-Srapaa-Dak- shi Shiroru-Bahave,35,,,
,372,Saha-Sranaamne Puru-Shaya Shashvate,35,,,
,373,Saha-Srakoti-Yuga-Dha- rine Namah,33,,,
,374,Saha-Srakoti Yuga-Dharina Om Nama Iti,37,,,
,375,Sanjaya Uvacha,14,,,
,376,Yatra Yoge-Shvarah Krushno Yatra Paardho Dhanur-Dharah,54,,,
,377,Tatra-Shreeh Vijayo Bhutih Dhruva Neetih Mati Rmama,51,,,
,378,Shree Bhagawan Uvacha,21,,,
,379,Ananya-Schanta-Yanto Mam Ye Janaah Paryu-Panate,47,,,
,380,Tesham Nitya-Bhiyuktanaam Yoga-Kshemam Vaha-Myaham,50,,,
,381,"Parithrayana Sadhunam Vinasaya Cha Dushkritham,",47,,,
,382,Dharma Samsthapanarthaya Sambhavami Yuge Yuge,45,,,
,383,Aartha-Vishanna-Shithila-S- chabhitah Ghoreshucha-Vyadhi-Varthamanah-,70,,,
,384,Samkeertya-Narayana-Shabda-Mat- ram Vimukta-Duhghah-Sukhino-Bhavan- ti,70,,,
,385,Kayena-Vaacha Mana-Sendhriyerva,31,,,
,386,Buddhyatma-Na- avaa Prakrute-Swabhawat,38,,,
,387,Karomi Yadyat Sakalam Parasmai,30,,,
,388,Naaraa-Yanayeti Samarpayami,27,,,
,389,Sarvam Shree-Krishnar-Panamastu,31,,,